"","team","seed","score","point_diff","result","W","L","W_L_ratio","SRS","SOS","TM_pt","OPPO_pt","PT_Ratio","Poss","True_S","AdjEM","AdjO","AdjD","AdjT","luck"
"1","Arizona",6,55,-10,0,25,9,0.735,18.79,7.23,2735,2342,1.16780529461998,69.8,0.575,20.95,115.7,94.7,69.5,-0.038
"2","Arkansas-Little Rock",12,85,2,1,30,5,0.857,7.12,-1.76,2487,2129,1.16815406294035,64.6,0.553,NA,NA,NA,NA,NA
"3","Austin Peay",16,79,-26,0,18,18,0.5,-6.04,-2.98,2740,2765,0.990958408679928,70.6,0.549,-5.1,103.3,108.4,70.4,0.06
"4","Baylor",5,75,-4,0,22,12,0.647,16.13,9.76,2621,2366,1.10777683854607,67.6,0.555,19.04,117.8,98.7,67.3,-0.012
"5","Buffalo",14,72,-7,0,20,15,0.571,1.34,0.9,2709,2634,1.02847380410023,72.6,0.54,2.96,104.8,101.8,72.6,0.044
"6","Butler",9,71,10,1,22,11,0.667,16.46,7.55,2638,2344,1.12542662116041,69.9,0.564,17.31,116.9,99.6,68.8,-0.008
"7","Cal State Bakersfield",15,68,-14,0,24,9,0.727,2.58,-5.15,2405,2104,1.1430608365019,68.4,0.527,NA,NA,NA,NA,NA
"8","Chattanooga",12,74,-25,0,29,6,0.829,3.24,-3.46,2652,2364,1.12182741116751,68.1,0.565,6.54,106.3,99.8,67.3,0.132
"9","Cincinnati",9,76,-2,0,22,11,0.667,15.19,5.25,2418,2090,1.15693779904306,65.6,0.527,17.06,110,93,65,-0.067
"10","Colorado",8,67,-7,0,22,12,0.647,12.04,7.64,2576,2407,1.0702118820108,70.8,0.534,12.89,107.7,94.8,70.3,0.015
"11","Dayton",7,51,-19,0,25,8,0.758,11.34,4.76,2393,2176,1.09972426470588,68.6,0.546,12.63,105.5,92.9,68.9,0.082
"12","Duke",4,93,8,1,25,11,0.694,19.23,10.59,2920,2609,1.11920275967804,68.4,0.573,21.87,120.8,98.9,68.5,-0.026
"13","Florida Gulf Coast",16,67,-16,0,21,14,0.6,-0.79,-3.82,2703,2473,1.09300444803882,69.8,0.546,-0.11,102.4,102.5,68.6,-0.038
"14","Fresno State",14,69,-11,0,25,10,0.714,5.27,2.24,2630,2475,1.06262626262626,70,0.524,NA,NA,NA,NA,NA
"15","Gonzaga",11,68,16,1,28,8,0.778,16.92,4.23,2840,2360,1.20338983050847,68.1,0.587,20.84,115.2,94.4,68.1,-0.038
"16","Green Bay",14,65,-27,0,23,13,0.639,1.16,-0.67,3013,2880,1.04618055555556,77.4,0.533,3.73,107.2,103.5,76.3,0.057
"17","Hampton",16,45,-36,0,21,11,0.656,-8.74,-8.45,2363,2370,0.99704641350211,71.8,0.502,-7.41,98.6,106,72,0.157
"18","Hawaii",13,77,11,1,28,6,0.824,9.03,-1.04,2620,2267,1.15571239523599,71.5,0.555,12.16,107.1,95,71.4,0.013
"19","Holy Cross",16,52,-39,0,15,20,0.429,-11.2,-6.11,2267,2445,0.92719836400818,64.6,0.515,-11.4,96,107.4,64.9,0.064
"20","Indiana",5,99,25,1,27,8,0.771,19.59,6.9,2891,2447,1.18144666939109,69.1,0.612,23.02,120.6,97.6,69.1,0
"21","Iona",13,81,-13,0,22,11,0.667,3.59,-1.78,2628,2451,1.07221542227662,72.5,0.566,7.12,109.4,102.3,72.6,-0.005
"22","Iowa",7,72,2,1,22,11,0.667,17.01,8.71,2561,2287,1.11980760822038,69.1,0.546,20.25,115,94.8,69.3,-0.071
"23","Iowa State",4,94,13,1,23,12,0.657,16.93,10.16,2862,2625,1.09028571428571,71.6,0.59,NA,NA,NA,NA,NA
"24","Kansas",1,105,26,1,33,5,0.868,23.87,11.22,3089,2570,1.20194552529183,69.8,0.592,29.64,119,89.3,69.4,0.044
"25","Kentucky",4,85,28,1,27,9,0.75,20.23,8.84,2861,2451,1.16727866177071,68.3,0.564,25.12,120.6,95.5,68.2,-0.046
"26","Maryland",5,79,5,1,27,9,0.75,16.71,8.31,2725,2400,1.13541666666667,67.4,0.594,20.25,115.1,94.8,67.9,0.017
"27","Miami (FL)",3,79,7,1,27,8,0.771,18.52,10.69,2633,2359,1.11615091140314,66.2,0.582,NA,NA,NA,NA,NA
"28","Michigan",11,63,-7,0,23,13,0.639,13.75,7.92,2656,2426,1.09480626545754,65.8,0.573,14.16,113.6,99.4,66.5,0.013
"29","Michigan State",2,81,-9,0,29,6,0.829,22.59,6.94,2793,2245,1.24409799554566,66.9,0.588,NA,NA,NA,NA,NA
"30","Middle Tennessee",15,90,9,1,25,10,0.714,2.66,-0.7,2539,2410,1.05352697095436,69.1,0.537,4.71,103.5,98.8,68.7,0.088
"31","North Carolina-Asheville",15,56,-30,0,22,12,0.647,1.1,-3.25,2552,2313,1.1033290099438,70.5,0.541,NA,NA,NA,NA,NA
"32","North Carolina-Wilmington",13,85,-8,0,25,8,0.758,6.25,0.35,2620,2379,1.10130306851618,71.4,0.546,NA,NA,NA,NA,NA
"33","Northern Iowa",11,75,3,1,23,13,0.639,8.78,4.44,2475,2303,1.07468519322623,64,0.572,11.15,108.5,97.3,64.2,0.013
"34","Notre Dame",6,70,7,1,24,12,0.667,14.1,9.57,2704,2541,1.06414797323888,65,0.573,16.58,119.5,102.9,65.4,0.055
"35","Oklahoma",2,82,14,1,29,8,0.784,19.76,11.14,2948,2629,1.12133891213389,71.1,0.573,23.79,116.8,93,70.6,0.082
"36","Oregon",1,91,39,1,31,7,0.816,18.05,8.64,2990,2614,1.14384085692425,69.6,0.562,22.63,117.9,95.3,69.1,0.041
"37","Oregon State",7,67,-8,0,19,13,0.594,10.39,9.26,2301,2244,1.02540106951872,68.4,0.53,NA,NA,NA,NA,NA
"38","Pitt",10,43,-4,0,NA,NA,NA,NA,NA,NA,NA,NA,NA,NA,NA,NA,NA,NA,NA
"39","Providence",9,70,1,1,24,11,0.686,11.94,8.46,2577,2455,1.04969450101833,69.9,0.523,14.5,108.9,94.4,69.4,0.063
"40","Purdue",5,83,-2,0,26,9,0.743,20.17,7.46,2726,2281,1.19508987286278,67.8,0.571,23.87,115.8,92,68.1,-0.046
"41","Seton Hall",6,52,-16,0,25,9,0.735,14.66,8.28,2522,2305,1.0941431670282,70.7,0.529,18.28,110,91.7,70.7,0.016
"42","South Dakota State",12,74,-5,0,26,8,0.765,5.44,-1.22,2591,2316,1.11873920552677,68.8,0.558,NA,NA,NA,NA,NA
"43","St. Joseph's",8,78,2,1,NA,NA,NA,NA,NA,NA,NA,NA,NA,NA,NA,NA,NA,NA,NA
"44","Stephen F. Austin",14,70,14,1,28,6,0.824,9.23,-5.47,2728,2153,1.26706920575941,69.7,0.577,15.64,111.1,95.5,68.3,0.008
"45","Stony Brook",13,57,-28,0,26,7,0.788,3.75,-5.28,2515,2115,1.18912529550827,67.8,0.548,8.14,106.1,98,67.9,0.049
"46","Syracuse",10,70,19,1,23,14,0.622,14.62,9.75,2589,2409,1.0747198007472,65,0.533,18.56,111.6,93,65.8,-0.027
"47","Temple",10,70,-2,0,21,12,0.636,7.69,6.57,2267,2230,1.01659192825112,65.8,0.498,8.82,105.9,97,66.6,0.095
"48","Texas",6,72,-3,0,20,13,0.606,14.8,11.71,2355,2253,1.04527296937417,66.8,0.526,16.18,111.9,95.7,66.5,0.022
"49","Texas A&M",3,92,27,1,28,9,0.757,18.45,8.45,2828,2458,1.15052888527258,68.8,0.542,21.27,112.7,91.4,68.1,0.007
"50","Texas Tech",8,61,-10,0,19,13,0.594,12.41,10.25,2305,2236,1.03085867620751,66.7,0.547,13.77,112,98.3,66.8,0.029
"51","UConn",9,74,7,1,NA,NA,NA,NA,NA,NA,NA,NA,NA,NA,NA,NA,NA,NA,NA
"52","UNC",1,83,16,1,NA,NA,NA,NA,NA,NA,NA,NA,NA,NA,NA,NA,NA,NA,NA
"53","University of California",4,66,-11,0,23,11,0.676,15.39,7.87,2545,2289,1.11183923110529,68.3,0.55,NA,NA,NA,NA,NA
"54","USC",8,69,-1,0,NA,NA,NA,NA,NA,NA,NA,NA,NA,NA,14.24,112.9,98.6,72,-0.028
"55","Utah",3,80,11,1,27,9,0.75,15.5,8.79,2778,2502,1.11031175059952,67.7,0.588,16.78,114.4,97.6,66.5,0.112
"56","VCU",10,75,8,1,NA,NA,NA,NA,NA,NA,NA,NA,NA,NA,17.09,110.9,93.9,70.4,-0.07
"57","Villanova",2,86,30,1,35,5,0.875,24.08,9.71,3118,2543,1.22611089264648,67.3,0.597,32.01,121.7,89.7,67.2,0.023
"58","Virginia",1,81,36,1,29,8,0.784,22.04,11.12,2626,2222,1.18181818181818,61.6,0.58,29.66,119.5,89.9,62.3,-0.04
"59","Weber State",15,53,-18,0,26,9,0.743,0.18,-5.13,2662,2344,1.13566552901024,68.6,0.585,NA,NA,NA,NA,NA
"60","West Virginia",3,56,-14,0,26,9,0.743,21.61,9.78,2749,2335,1.17730192719486,70.8,0.536,24.44,114.2,89.8,70.3,0.004
"61","Wichita State",11,65,10,1,26,9,0.743,17.39,4.24,2535,2066,1.2270087124879,66.1,0.531,NA,NA,NA,NA,NA
"62","Wisconsin",7,47,4,1,22,13,0.629,13.4,9.4,2373,2233,1.06269592476489,64.1,0.524,16.52,109,92.4,64.3,-0.022
"63","Xavier",2,71,18,1,28,6,0.824,18.58,8.43,2737,2392,1.14423076923077,72.5,0.556,22.53,116.1,93.5,72.5,0.047
"64","Yale",12,79,4,1,23,7,0.767,9.08,-1.03,2248,1914,1.17450365726228,67,0.555,14.35,109.3,94.9,66.9,0.027
